wavelength,flam,flam_err
0.5587169324053721,-1.0490716981925035e-20,3.3534850692496114e-20
0.5620237452009996,-6.870618216730236e-21,3.8117180230269505e-20
0.5653878707062455,1.3711349445271616e-20,2.8216818497534274e-20
0.5688107917896098,-6.316325785610237e-21,3.5945380724132754e-20
0.5722942889862827,5.639215211430001e-20,2.6252886599964778e-20
0.5758398127417115,1.884859080288273e-20,3.2448645649568654e-20
0.5794491964694816,4.721770567944495e-20,2.740024974246256e-20
0.5831242385199349,5.111998637643427e-20,2.485710326566774e-20
0.5868666095731849,2.4399536037029756e-20,2.3520243358751558e-20
0.5906783576585449,-1.3021369707116497e-20,2.039416775489719e-20
0.5945614653954421,2.77249231417127e-20,2.1174964406755245e-20
0.598517842714797,2.7738772443159334e-20,1.9909319705593163e-20
0.602549613597003,1.550185847981998e-20,1.485481857219023e-20
0.6066591193397508,1.4835310726634175e-20,1.7389887595922243e-20
0.6108485287040555,-3.063587017166311e-20,1.694482108258155e-20
0.6151201087614295,2.6726980478432563e-22,1.6571443653599862e-20
0.6194763214939456,-5.217437540021392e-22,1.4653772156184064e-20
0.6239198223899493,4.7874943146826085e-21,1.604916335347695e-20
0.6284531652342071,2.6418803902005902e-20,1.4658290819514874e-20
0.6330790120793015,1.2881410316631087e-20,1.2050155749241822e-20
0.6378001360344843,-1.8540591737931456e-20,1.298701276129421e-20
0.6426194240043188,-4.538542231596585e-22,1.4496742024555748e-20
0.6475399640573128,9.89430822052266e-21,1.1056641739052427e-20
0.652564919097741,1.9652044670120285e-20,1.2414002232752787e-20
0.6576975053049093,1.8691901107293647e-20,1.1101845373724406e-20
0.6629410599167432,3.7199437596703544e-21,1.0950406245801023e-20
0.6682990451376263,2.212886930176134e-20,1.1683001357714967e-20
0.6737750504937825,1.471376735141128e-20,9.205480963079919e-21
0.6793727932575451,1.6247516066274544e-20,9.611469108258742e-21
0.685096120755328,3.353884895701816e-20,8.425399025970204e-21
0.6909490129749664,2.0138732773709038e-20,9.810224362752818e-21
0.6969355817116162,9.744456995428628e-21,8.56539989768045e-21
0.7030600724718354,1.1560026497655081e-20,7.391497678102376e-21
0.7093268674002664,8.575433597642946e-21,8.162408886335631e-21
0.7157405369104755,1.107060762085574e-20,8.274593902112275e-21
0.7223058253367636,2.5893616686253128e-20,6.852953333307057e-21
0.7290275365986447,1.6381878541230314e-20,6.548149666717675e-21
0.7359106076373616,1.3937978535174583e-20,5.955823598276709e-21
0.742960106929894,7.125678630144014e-21,5.813904732748407e-21
0.7501813610405474,1.7508120038736715e-20,5.8288034557101445e-21
0.7575797823077404,1.2500700702050042e-20,5.310789650187867e-21
0.7651608308758224,2.7427418291475e-20,6.166001787934911e-21
0.772930205451272,2.3344397627961454e-20,5.089479057959091e-21
0.7808936977136617,3.0663657179775375e-20,5.511959234414749e-21
0.7890571415640131,1.9078106547701812e-20,5.600261460703818e-21
0.7974266081117796,1.3649653251386673e-20,4.598775472795904e-21
0.8060081096745279,1.1818217839535672e-20,4.412231238605611e-21
0.8148078549630995,1.836512517231915e-20,5.106633770481257e-21
0.8238320198831227,2.6361328725639612e-20,4.565789401338419e-21
0.8330868467656268,2.5684339039557122e-20,4.637167291773568e-21
0.8425785936706854,2.8177995877442407e-20,4.3368468395189405e-21
0.8523134779015903,3.9337751158993824e-20,4.288190927652056e-21
0.862297683323395,3.063102742405627e-20,3.889024424001696e-21
0.8725372930257402,2.846064660607615e-20,4.062080560930105e-21
0.8830382596447854,2.266989350449112e-20,5.365165340340285e-21
0.8938063784407981,3.1908073236241985e-20,4.100648515062557e-21
0.9048472271999145,3.212869027382045e-20,4.2175814765476455e-21
0.9161661214522663,4.3138082933474173e-20,4.221530209938589e-21
0.9277680571501761,3.6792074644615673e-20,3.536892449864574e-21
0.9396576605490611,3.4272627685443997e-20,3.657180554610189e-21
0.9518391416350266,3.4208443632796435e-20,3.958395318032932e-21
0.964316115987264,4.947497624300821e-20,3.7564063853419104e-21
0.9770916794555257,5.272980380218162e-20,3.34469798128154e-21
0.990168400477219,5.006188045764248e-20,3.422926032199265e-21
1.003548108169641,5.0372988722794724e-20,3.3029564430038713e-21
1.0172317518847795,6.189799333189481e-20,3.0134410737613962e-21
1.0312197813627446,7.133117254561493e-20,2.9234985345246987e-21
1.0455113649883845,9.235322136008105e-20,3.454673239655735e-21
1.0601051747209307,9.88105646830643e-20,2.8793855084064033e-21
1.0749987235363379,9.383126905268625e-20,2.803708313494387e-21
1.0901885122454726,8.601491295124596e-20,2.580080333047532e-21
1.1056702342981737,7.833055307107466e-20,3.0606028032445493e-21
1.1214385395230086,9.129897252574108e-20,2.5593145089596924e-21
1.1374870280718172,9.577133560897861e-20,2.61347258355395e-21
1.1538082044705062,1.0596894919982157e-19,3.046391690835013e-21
1.170393786289657,1.1014537049786553e-19,2.43086747932022e-21
1.1872345819840113,1.1951591744014477e-19,2.601077035955914e-21
1.2043205589115493,1.2237347770734472e-19,2.6808242277487957e-21
1.221640829178208,1.324230744859564e-19,2.5167309127656625e-21
1.239183780149213,1.4869926688170085e-19,2.6895985959714423e-21
1.2569372867938209,1.493644624223476e-19,2.4688487201747778e-21
1.274888741326792,1.763003797523535e-19,2.613569402389967e-21
1.2930251496013516,1.9102234934854944e-19,2.9820883217207933e-21
1.3113329735006423,2.0297920929611434e-19,2.6408451213478187e-21
1.3297985679456485,2.138168549288039e-19,2.6366741681012655e-21
1.3484083591877056,2.248381402156453e-19,2.568384410589154e-21
1.367148457443781,2.38928497682745e-19,3.1575738879575713e-21
1.3860052248104098,2.4461319876532117e-19,2.7013903524205513e-21
1.4049652581052927,2.6242606275399577e-19,2.6340177023188687e-21
1.4240151187305408,2.7632385846235404e-19,2.7174076566934408e-21
1.4431420836540367,2.696955805505324e-19,3.152138673718526e-21
1.4623333206691422,2.8162272905234993e-19,2.7135162443797063e-21
1.4815769263008325,2.958538503443813e-19,2.76615507266462e-21
1.500861020398336,3.2408960830360394e-19,2.900501377115039e-21
1.5201746452647844,3.5475132454425484e-19,2.8724083535952936e-21
1.539506984300002,4.398490679531265e-19,3.555829717408741e-21
1.5588481602646425,5.039436986873387e-19,4.321853486506275e-21
1.5781884764731928,4.33787435870551e-19,3.43834790427056e-21
1.5975191694094044,3.923448970690331e-19,4.012715164226471e-21
1.616831726466621,3.9866080294095016e-19,3.3096442685500445e-21
1.6361184759747196,4.3341521547618726e-19,3.6268470153823424e-21
1.655372053948066,4.3251627903336904e-19,3.357649775356348e-21
1.6745858517228351,4.054888788995328e-19,3.5829510675699204e-21
1.693753585519845,4.1690301050855994e-19,3.17254325773714e-21
1.712869656711387,4.255360160404954e-19,3.2930992667849044e-21
1.731928767582919,4.3259211780640885e-19,3.2015876815793637e-21
1.7509262588139904,4.589378296783551e-19,3.0685408240980338e-21
1.7698577228114212,4.715868227374805e-19,3.578223947450899e-21
1.788719323007841,4.859151255197021e-19,3.2269119952078658e-21
1.8075075013368729,4.916969726555813e-19,3.316316895926924e-21
1.8262191261336762,5.075632769536838e-19,3.6225687541548794e-21
1.844851390991783,4.989671259797385e-19,3.104098078373341e-21
1.863401776155185,4.890553884332539e-19,3.0317364428891692e-21
1.8818681161884983,5.001982487892317e-19,3.30491291658753e-21
1.900248463949467,4.860561899323836e-19,3.0817575265668454e-21
1.9185411581257417,4.884183998664116e-19,3.24305279597541e-21
1.936744785420171,4.874810234795334e-19,3.263692783153612e-21
1.9548581140521788,4.891606768259988e-19,2.895485608122018e-21
1.9728801346385687,4.804480171660571e-19,3.3133003287623554e-21
1.9908100301262066,4.810557764763651e-19,2.9132630197635787e-21
2.008647144465826,4.762616486710757e-19,3.1595474504234046e-21
2.026390966196691,4.712490203957855e-19,3.07735621703616e-21
2.0440411405132166,4.655187235878381e-19,3.0569226308453486e-21
2.0615974420196683,4.785285299895774e-19,2.7864354228486574e-21
2.0790597608253925,4.878430074570445e-19,3.1496357719414038e-21
2.096428090996065,4.793362372465805e-19,2.937152559508104e-21
2.113702526001586,4.741824379603834e-19,3.065149343862486e-21
2.1308832498677663,4.7883548115470405e-19,2.793231649527686e-21
2.147970527974919,5.021594993623882e-19,2.7542466508684404e-21
2.1649646957389153,4.910967224970923e-19,2.6863781603679884e-21
2.181866153986507,4.784255916645824e-19,2.794195267180886e-21
2.198675362680219,4.698166608339962e-19,2.69901132123792e-21
2.2153928316565223,4.581488442768532e-19,3.035039429112447e-21
2.2320191203699293,4.438599678944723e-19,2.724668758605808e-21
2.248554827789051,4.384647069738906e-19,2.812262880504397e-21
2.265000590650547,4.518700517235788e-19,2.592832510988424e-21
2.281357077655829,4.651166676239342e-19,2.9041556411587755e-21
2.297624987485916,4.471457762401547e-19,2.665449468457487e-21
2.3138050408060105,4.526935443522851e-19,2.79155083838102e-21
2.3298979825645723,4.489888268817838e-19,2.9364788366029115e-21
2.345904574829114,4.586227584839839e-19,2.5612702483680945e-21
2.3618255943088244,4.642760166513413e-19,2.904840812301425e-21
2.3776618336247735,4.627591858404953e-19,2.730904149699368e-21
2.393414090989868,5.081877234789061e-19,2.6098819421513476e-21
2.4090831771476373,5.305217930499483e-19,2.7929477307553717e-21
2.424669907587476,5.309650704243638e-19,2.720061772056332e-21
2.440175106189601,4.887083680049655e-19,2.8089229902559743e-21
2.4555996023595235,4.761397066958937e-19,2.6325024256963653e-21
2.4709442221113496,4.591434319786379e-19,2.547257855877455e-21
2.486209790708977,4.815663136574459e-19,2.6055566863481838e-21
2.5013971341241676,5.148035936150755e-19,3.466756468096989e-21
2.516507081173047,5.336066177411326e-19,2.9589742362345172e-21
2.531540458075221,5.439812313196009e-19,2.940791692540202e-21
2.5464980833867195,5.409850320574572e-19,2.9783769130019058e-21
2.5613807684551246,5.128856979463186e-19,2.8309315136032742e-21
2.5761893322806313,4.782637075124931e-19,3.1579269785057837e-21
2.5909245817972733,4.544807001204396e-19,2.516089401616205e-21
2.605587311120172,4.210957902042763e-19,2.4473252525323946e-21
2.620178317445634,3.9156417641918403e-19,2.3520206921586455e-21
2.6346983917414297,3.8273290946605756e-19,2.6511892863937856e-21
2.6491483068702983,3.861826429635654e-19,2.740052576555172e-21
2.6635288417743457,4.2146184773817175e-19,2.3731636841254646e-21
2.6778407601384133,4.784598695879042e-19,2.5743527265151146e-21
2.692084811500891,5.919426379876009e-19,2.9335660225696044e-21
2.706261757186175,6.776898936749153e-19,3.0179005854454344e-21
2.720372326731739,5.813117131922288e-19,2.8545607728142563e-21
2.7344172585628828,5.411242578960335e-19,2.7164115561894744e-21
2.7483972733774023,5.120023960833292e-19,2.6025468378974964e-21
2.7623130835698935,5.005608894009063e-19,2.6255724023341786e-21
2.776165397875365,5.273219090886509e-19,3.0924345998998294e-21
2.7899549075083767,5.084453923596402e-19,2.8926069688374182e-21
2.8036823072687267,4.45131307237086e-19,2.472656505848265e-21
2.8173482691477876,4.016153396761703e-19,2.401609431883437e-21
2.8309534680467427,3.804174328315752e-19,2.2971460534372466e-21
2.8444985596594656,3.6973613776691736e-19,2.6781213349361642e-21
2.857984199619716,4.096259752232637e-19,2.4327226276208585e-21
2.8714110300030704,4.458361428076797e-19,2.5601099289413586e-21
2.884779682502595,4.644468848207353e-19,2.4977953829313953e-21
2.8980907874150468,4.411306911324125e-19,2.426418651203747e-21
2.9113449509381595,4.3347828421475884e-19,3.010501377619713e-21
2.9245427952322856,4.423432252976348e-19,2.5503603523273377e-21
2.937684909613585,4.364341508179487e-19,2.4115703029699918e-21
2.9507718889903054,4.3354768102424894e-19,2.4349438659270992e-21
2.9638043174638766,4.448156262975184e-19,2.3916557997212054e-21
2.976782759608181,3.958528203953593e-19,2.5701303143168956e-21
2.9897077936784013,3.610603743580028e-19,2.3028046243535862e-21
3.0025799722725592,3.552992476084864e-19,2.231862767474214e-21
3.0153998390590435,3.5094338993461153e-19,2.1599062961539986e-21
3.028167947226228,3.4286284329136926e-19,2.47760560641717e-21
3.0408848243463096,3.259994087040383e-19,2.0829223841071634e-21
3.0535509907971004,3.1846511262116483e-19,2.044526287983086e-21
3.0661669769030473,3.262526613551031e-19,2.159649506517652e-21
3.0787332897164847,3.3289802261964635e-19,2.07469568001016e-21
3.0912504272886223,3.2246068578034254e-19,2.2479374435551297e-21
3.103718890341712,3.062027125399555e-19,1.936471663425804e-21
3.1161391702060417,2.990397074220317e-19,1.985988644653331e-21
3.128511745172129,2.9048901154983244e-19,2.051688771980964e-21
3.1408370872315605,2.9784950593090653e-19,1.899692293640391e-21
3.1531156690672746,2.952961453889139e-19,2.075072160049283e-21
3.165347954186391,2.950834087466004e-19,1.8340107022871354e-21
3.177534394047262,2.9343254249203993e-19,1.855276356654426e-21
3.189675433373,2.927577772472881e-19,1.8853043850164446e-21
3.2017715149571333,2.9556149462316024e-19,1.8765014965811604e-21
3.2138230795966867,2.959736545787771e-19,1.8855694024301837e-21
3.225830554307142,2.9453510444360137e-19,1.8768899397079722e-21
3.237794359942687,3.103637862552557e-19,2.053050267668242e-21
3.2497149123705595,3.2379363544370694e-19,1.9328113145040985e-21
3.2615926200510827,3.3947951504311437e-19,2.159807474048933e-21
3.2734278922648965,3.5776042983523475e-19,2.0274444419045073e-21
3.285221130314619,3.4210658412852316e-19,1.9990567763313442e-21
3.2969727257010892,3.207869800897999e-19,2.1795007877577655e-21
3.308683065055004,3.028880538202655e-19,2.131372431525258e-21
3.3203525302331593,3.0440670639640143e-19,2.254760258693284e-21
3.3319814985307428,2.9922446780534143e-19,2.0357203491286014e-21
3.343570339480065,2.9335508056986937e-19,1.8484396426262346e-21
3.355119420328403,2.7892549852120862e-19,2.011130178282809e-21
3.3666291075688703,2.8591928759413484e-19,1.7983027203117044e-21
3.378099756121469,2.8147501879559876e-19,1.8889725887070607e-21
3.3895317169364367,2.8444855821278306e-19,2.00075954931391e-21
3.4009253368080063,2.946963972079461e-19,1.8253424447955373e-21
3.4122809566788352,2.9883857204495315e-19,2.1108616906651553e-21
3.4235989130495468,3.0477274860521296e-19,1.9354157862219498e-21
3.4348795392516105,3.0308058032971396e-19,1.9525672733947075e-21
3.446123162516521,2.967768627469333e-19,2.11964688173404e-21
3.4573301064673916,2.974865548699123e-19,2.3282783732562794e-21
3.46850069022224,3.2036990816596273e-19,2.0235716622143897e-21
3.479635228193482,3.2835960871672925e-19,1.921356065711825e-21
3.4907340308309993,3.16259710633362e-19,2.0347844004192602e-21
3.501797405442209,3.1153159518298747e-19,1.9724317961092664e-21
3.5128256533331528,3.3072817768873047e-19,2.378861615441883e-21
3.523819073795043,3.3618492245100073e-19,1.967868674224564e-21
3.5347779604955343,3.3474495410617466e-19,2.012910429336853e-21
3.5457026039323694,3.4429943489098927e-19,2.150257541427351e-21
3.5565932911820464,3.523304273196514e-19,2.136731671726172e-21
3.567450304993288,3.6172057492369504e-19,2.7529117340700268e-21
3.5782739242322164,3.976431430508058e-19,2.5570310125706563e-21
3.5890644244941137,4.281915662732799e-19,2.287120190611046e-21
3.599822078021419,4.83650839332007e-19,2.574497068019828e-21
3.610547152494151,5.641189374633784e-19,2.5518596002018438e-21
3.6212399131467095,7.50030154054663e-19,2.957586102721797e-21
3.631900621730509,1.0646780748934093e-18,3.786453084963751e-21
3.6425295352547473,1.436989460957905e-18,4.2380967368731115e-21
3.6531269089260694,1.4336859685971418e-18,4.2604755062909145e-21
3.6636929942026053,1.0880973666573169e-18,4.32806031689873e-21
3.674228038997792,7.158478836587514e-19,3.1573028583954816e-21
3.684732288171343,5.28248284916595e-19,2.7842565901999238e-21
3.6952059835648816,4.249956037540388e-19,2.3076062532648597e-21
3.705649366427339,3.774728682476908e-19,2.1912086852817176e-21
3.716062674596946,3.5862123557832534e-19,2.5246348087726896e-21
3.726446140419409,3.266857322362146e-19,2.0922796682045874e-21
3.736799994178946,3.0822826472174865e-19,2.011289268973061e-21
3.747124463221861,2.906067359706022e-19,2.045992855486931e-21
3.7574197711273754,2.7739880734509444e-19,1.8940688650198247e-21
3.7676861392713135,2.6130175952389447e-19,2.1000635963826396e-21
3.777923786209665,2.6600005020667846e-19,1.961532174751592e-21
3.788132929471134,2.675740930136681e-19,1.8042410125703797e-21
3.7983137857036993,2.649327987945882e-19,1.872122824250021e-21
3.8084665662880384,2.613888724405326e-19,1.7716687133042414e-21
3.8185914795781386,2.50782669774532e-19,1.7520723347980168e-21
3.828688730388488,2.4769905124781296e-19,1.8329452688028555e-21
3.8387585225086664,2.5565685096393956e-19,1.7251644505631884e-21
3.848801055335069,2.4634044779807745e-19,1.811940532646617e-21
3.85881653209554,2.5522089181639344e-19,2.1481236140736456e-21
3.868805150519052,2.590565592392084e-19,2.029922423865186e-21
3.8787671034699764,2.577752460170656e-19,2.0046658522758426e-21
3.888702582212151,2.5926966449364107e-19,1.903281023395565e-21
3.898611775663122,2.695762714342588e-19,1.91939878900178e-21
3.9084948724470125,2.721541979848448e-19,2.1052455770085183e-21
3.918352061254994,2.62506377959125e-19,1.7918226369248945e-21
3.9281835243129453,2.5923823978021366e-19,1.8690945004653766e-21
3.9379894416595107,2.545030428882225e-19,1.798472689357051e-21
3.9477699902237307,2.579158889367128e-19,2.0607613565021343e-21
3.9575253509131456,2.4859357579836054e-19,2.0613258356358968e-21
3.9672557008677245,2.5131189608021304e-19,2.097725376697402e-21
3.9769612104264573,2.5063665856874214e-19,2.015193547560584e-21
3.9866420503525175,2.5207000700390636e-19,1.7576094670089215e-21
3.996298389623756,2.5498787012927607e-19,1.81381247977907e-21
4.00593039967436,2.54249310406372e-19,1.716643146293708e-21
4.015538244196805,2.610485762933947e-19,1.843634157932643e-21
4.025122086156624,2.5391896427362062e-19,1.9316801220911456e-21
4.034682085986054,2.563510426031892e-19,1.750812971543713e-21
4.044218408811038,2.5102992901389754e-19,2.0263284231676144e-21
4.053731211287843,2.5592992080151523e-19,1.8458998542861497e-21
4.063220647752822,2.532754642171988e-19,1.9592436003961086e-21
4.072686875224748,2.6320491188261746e-19,1.76858239164067e-21
4.082130048237729,2.578981086564018e-19,1.829891037880325e-21
4.091550317833601,2.5511235814461075e-19,2.007759526669428e-21
4.100947829957048,2.4450559557675846e-19,1.7240949301653754e-21
4.110322740313617,2.3576471902032556e-19,1.8766943575539566e-21
4.119675193077571,2.4933595032891294e-19,1.866158472130605e-21
4.129005330834217,2.5063406815149464e-19,1.7580982047881807e-21
4.138313300679265,2.506314600123559e-19,1.997898917857359e-21
4.147599245421581,2.5921733528930486e-19,1.8325027894995824e-21
4.156863303729052,2.5406622235901417e-19,1.7977906227383784e-21
4.166105614646897,2.508503152223633e-19,1.753482461341551e-21
4.175326319662564,2.451174535764284e-19,1.6782789649955247e-21
4.184525552068634,2.3714800563995887e-19,1.6652998253579103e-21
4.19370344628231,2.2727088917497824e-19,1.74606544594907e-21
4.202860140240641,2.3896471800747916e-19,1.6598135713254247e-21
4.211995762722028,2.3789134609773324e-19,1.7505989584206102e-21
4.221110444542153,2.3186009367493016e-19,1.8848445774244727e-21
4.230204318503031,2.3361524923918273e-19,1.7212162197837054e-21
4.239277509935004,2.236184712289538e-19,1.7521569784610297e-21
4.248330145300891,2.308113394174419e-19,1.6875842462095078e-21
4.257362354649797,2.329404614879107e-19,1.7144328443742177e-21
4.266374257607232,2.481335246090003e-19,1.9666153527131897e-21
4.275365980692017,2.465351585961831e-19,1.7244469114580654e-21
4.284337645717218,2.4651226422299884e-19,1.9826111234292734e-21
4.293289370488495,2.522289061698082e-19,1.7612839814147427e-21
4.302221279188396,2.501435232715096e-19,1.7191443428984817e-21
4.311133487811904,2.547212804440549e-19,1.834099514368519e-21
4.320026111747339,2.5632299430465063e-19,1.7665623135486525e-21
4.328899271588458,2.5489003730045355e-19,1.8629381295422316e-21
4.337753078359449,2.470464894889022e-19,1.8646993671661003e-21
4.346587648673537,2.448255240167416e-19,1.8146303107488876e-21
4.35540309459867,2.4758948048893443e-19,1.765308428126338e-21
4.364199525001348,2.491125806431435e-19,2.002442239525212e-21
4.372977055017115,2.5422789810801374e-19,1.874206808186031e-21
4.381735791600029,2.590575465799675e-19,1.9064741875100706e-21
4.390475843027332,2.676664950012517e-19,1.9775616670014672e-21
4.399197319353774,2.5379367007308356e-19,1.788999377176027e-21
4.407900322066317,2.4243591577800314e-19,1.998793471101343e-21
4.416584962990801,2.4328312982552383e-19,1.9884256708716834e-21
4.425251340735319,2.295235427654205e-19,1.859397991587485e-21
4.433899563275058,2.3580585136722845e-19,2.0709211147583535e-21
4.4425297308716605,2.3020673483603903e-19,1.8980389552554516e-21
4.451141945163838,2.2363683374448226e-19,1.9570960940980653e-21
4.459736308042182,2.2463402150397947e-19,1.7309170449385395e-21
4.468312915943082,2.261770162449833e-19,1.882828271546917e-21
4.476871872701389,2.290953815292894e-19,1.792449012566006e-21
4.485413271026644,2.248828602939367e-19,1.733202799192989e-21
4.493937212683089,2.313871545256711e-19,1.9502571782681064e-21
4.502443789886684,2.286066584574666e-19,2.130025252602142e-21
4.510933100659902,2.279914020615542e-19,1.7310032660712465e-21
4.519405237467447,2.289968906667755e-19,1.8061843030414243e-21
4.52786029467967,2.3801573171602106e-19,2.0479420515691338e-21
4.536298365160475,2.358799888589394e-19,1.7374904476409246e-21
4.544719538939814,2.370107701868906e-19,1.8045523137742357e-21
4.55312391006787,2.467738713282709e-19,2.0502399788834534e-21
4.561511565257239,2.5415185403632147e-19,1.9289508363965727e-21
4.569882597014959,2.5472382988563944e-19,2.1177579471159266e-21
4.578237090621037,2.4115408734136964e-19,2.171509414028338e-21
4.586575137773379,2.548093393553669e-19,1.9402492971767646e-21
4.594896821270585,2.4771781435451363e-19,1.8691233557091892e-21
4.603202232356308,2.3699292095990684e-19,1.8798527356417792e-21
4.6114914521590595,2.3373873485989176e-19,2.046794051448393e-21
4.619764569083928,2.263167616448968e-19,1.9231806510868984e-21
4.628021663674422,2.3587646549894456e-19,1.8378553387984182e-21
4.63626282232523,2.29751880361427e-19,1.805939146215903e-21
4.644488124685881,2.2910331075523893e-19,1.8418563115379237e-21
4.652697655837802,2.291965651078951e-19,1.8838109575075617e-21
4.660891493493319,2.403808948258938e-19,2.0275718449041465e-21
4.6690697220394535,2.5794634924405986e-19,1.8857699788980213e-21
4.677232417089271,2.697893255145073e-19,1.833746046406208e-21
4.685379662247312,3.12650599170539e-19,2.3263311941539166e-21
4.693511531185304,3.2362432482074526e-19,2.1430603060127615e-21
4.701628106474076,3.1350162185219547e-19,2.1873041205550484e-21
4.70972946148792,3.0509186162204657e-19,1.963415193120016e-21
4.717815675815123,2.932356958734738e-19,1.909845897251415e-21
4.725886822844541,3.0485508376748383e-19,2.2718541360534888e-21
4.733942978984485,2.8572963326023123e-19,1.9574823280636213e-21
4.74198421829526,2.8270255743224955e-19,2.3825525530016336e-21
4.750010615477617,2.940749781016187e-19,1.981941474865644e-21
4.758022243745119,2.6688567692870463e-19,1.9845269806281602e-21
4.766019174828444,2.626150420069915e-19,2.1484679891852224e-21
4.774001482716932,2.5124788017366027e-19,1.8537686308873765e-21
4.781969236129521,2.367025609110919e-19,1.8196133928136208e-21
4.78992250948787,2.3981193750800793e-19,1.832597476378793e-21
4.7978613693375545,2.391685960740038e-19,1.819428564144579e-21
4.805785890737308,2.4731959805509875e-19,1.813469398464072e-21
4.81369613840742,2.480083120898604e-19,2.0220545801303318e-21
4.821592183598404,2.5489028783498363e-19,1.8653712113197913e-21
4.829474093743174,2.6350227000544495e-19,2.337689920290156e-21
4.837341936031313,2.4037989589150816e-19,1.815568932274877e-21
4.845195779304855,2.3701028265268363e-19,1.815019969319069e-21
4.853035686417056,2.2016378663985015e-19,1.967979204916852e-21
4.8608617282219475,2.23438726513163e-19,1.79058738229447e-21
4.868673966032895,2.1663537641395552e-19,1.9954838547779243e-21
4.876472468152661,2.289001412372574e-19,2.673492899661946e-21
4.884257296977743,2.024051377175672e-19,1.9145599717725807e-21
4.892028516763412,1.9517383982491557e-19,2.0146631147886002e-21
4.89978619224788,2.0969353463338618e-19,1.9274380698169442e-21
4.9075303841505935,2.0737905477362788e-19,1.916171145590697e-21
4.9152611578191,2.1612407987681215e-19,2.040257270879685e-21
4.922978573222814,2.0971021992490102e-19,1.7464503282130282e-21
4.930682691896487,2.1299527354697894e-19,1.985123632230823e-21
4.9383735771587896,2.0374380109018852e-19,1.7594157417996366e-21
4.9460512859637955,2.0082202913852984e-19,1.7322263964230388e-21
4.953715881906531,2.0462552994016047e-19,1.9663218776867596e-21
4.96136742290217,2.029383445339255e-19,1.9769375397667827e-21
4.969005967664348,2.1122327359983367e-19,1.9074777842159767e-21
4.976631577370473,2.1481235792690027e-19,2.1415007155021412e-21
4.984244307866147,2.023505765064812e-19,1.8104734073223252e-21
4.991844219201139,2.1038105187671784e-19,1.853421124758379e-21
4.999431367249786,2.179968506890363e-19,2.225094881098262e-21
5.0070058088666975,2.311481334306606e-19,2.052972786252095e-21
5.014567602848236,2.5007879845557796e-19,2.351582167439774e-21
5.0221168029899275,2.3325096171996825e-19,2.302706769424709e-21
5.029653465423679,2.4196290514344515e-19,2.4709132964241326e-21
5.037177647398896,2.333923693243742e-19,2.2795340777731995e-21
5.044689399769174,2.220700913727655e-19,2.0282936757271487e-21
5.052188782093807,2.32196084322042e-19,2.2847467871154414e-21
5.059675845405242,2.2686498501004704e-19,2.0964848622763097e-21
5.067150643394227,2.357445476513375e-19,2.0395676222885732e-21
5.074613231978657,2.2898111253701715e-19,1.918208671194902e-21
5.082063662094304,2.328784316848853e-19,2.0651982934938574e-21
5.089501985372587,2.368864828625519e-19,2.040381943271825e-21
5.096928256708979,2.328251834762616e-19,2.112318825839531e-21
5.104342525838716,2.6736322683056516e-19,2.0601066730390877e-21
5.111744844417315,2.71108620832851e-19,2.066815469245229e-21
5.119135265398115,2.8227359457533746e-19,2.3772557595241005e-21
5.126513836456353,2.8715771100629347e-19,2.1162054156640207e-21
5.133880610203714,2.7974038814968043e-19,2.647845432671991e-21
5.141235636568959,2.7572808165484507e-19,2.093977241062914e-21
5.148578963916477,2.560366259642348e-19,2.2547659512697906e-21
5.155910642527758,2.439320413594661e-19,2.278581507125992e-21
5.163230721894006,2.279317457828305e-19,2.06452955986763e-21
5.170539248698856,2.3667022535674355e-19,2.1596923970451617e-21
5.17783627254993,2.2113900040441317e-19,2.214494936059228e-21
5.185121842027414,2.1285255480953795e-19,2.1601505207695066e-21
5.192396002673883,2.0804593224719337e-19,2.0408340041213682e-21
5.1996588035207605,1.9329170456781783e-19,1.9476256727444912e-21
5.206910291398266,1.9984798765716915e-19,1.9149259201167244e-21
5.214150511766128,1.9917898651473467e-19,2.0066580390366705e-21
5.221379510935725,2.0338836614987341e-19,1.9183095201161983e-21
5.2285973365346425,2.0510242188891385e-19,2.1735500988918666e-21
5.2358040329334,2.1382874702097461e-19,2.2052814690395285e-21
5.242999644219232,2.0475795796108744e-19,1.944053295444018e-21
5.25018421868726,2.0777114363521128e-19,1.949058587345535e-21
5.257357799046881,2.1524983218367805e-19,2.296069043851208e-21
5.264520428811609,2.2028484064883566e-19,2.090056895670064e-21
5.271672154186846,2.183461631027133e-19,2.31789297538435e-21
5.278813018601589,2.241634217476976e-19,2.3331068016673238e-21
5.285943063945035,2.307914336815615e-19,2.1788339975462073e-21
5.293062334172657,2.238942104567157e-19,2.234385608318775e-21
5.300170873845326,2.2780978800327007e-19,2.6717653084055855e-21
5.307268723521944,2.1745676159826764e-19,2.109311539666604e-21
5.314355925776447,2.2786153611517874e-19,2.209440429774883e-21
5.3214325242020815,2.1639276516922076e-19,2.6282422469491334e-21
5.32849855981476,2.1501818227450362e-19,2.2564168292634674e-21
5.335554072874162,2.1107095962088806e-19,2.2708501767496156e-21
5.342599106218271,1.965577003425805e-19,2.261381382615197e-21
5.349633701299593,1.9757368692455479e-19,2.0665476690495233e-21
5.356657897184547,2.126079124376613e-19,2.6224849385205304e-21
5.363671733871856,1.9433203646201742e-19,2.365583931783276e-21
5.370675254053605,1.8898217487503037e-19,2.238553587113601e-21
5.377668496638095,1.9037703217656859e-19,2.369523079573612e-21
5.384651499878848,1.964522263669918e-19,2.2707461795361753e-21
5.391624304015411,1.8859316151819038e-19,2.0011674485489018e-21
5.398586949636018,1.8801426760536277e-19,2.3131747515974236e-21
5.40553947413765,1.7973667744071967e-19,2.0868559886091536e-21
5.412481915652523,1.8776354182494497e-19,2.2193276633485157e-21
5.4194143138494955,1.884949073021956e-19,2.23357047433675e-21
5.426336707025783,1.8931818408915205e-19,2.2066758771720457e-21
5.433249132228494,1.9632351975202128e-19,2.7367443330315248e-21
5.440151625842054,1.8410061415419353e-19,2.276836139586314e-21
5.447044228096482,1.903371035804002e-19,2.3003600632371e-21
5.453926975459426,2.0244880002925505e-19,2.774969970320737e-21
5.460799904160957,1.9467414753199453e-19,2.482500101404394e-21
5.467663049874069,2.0131088934410867e-19,2.5532894176834604e-21
5.474516450941539,2.0554369312577903e-19,2.893923598076172e-21
5.481360143946906,2.1899131779041675e-19,3.013418145788622e-21
5.488194163283702,2.1556934361423937e-19,3.2572532780597095e-21